Module,Function,Tag,en,zh-Hans
"AD","Skip","Label","Skip %d","跳过 %d"
"Album","Button","","Album","相册"
"Album","Permission","Msg","Allow Spotlite to access Album","Spotlite需要访问您的麦克风，请到设置中开启。"
"Audio","Effect","Auto_Reverberation","Auto Reverberation","合唱团"
"Audio","Effect","Auto_Text","Chorus","合唱"
"Audio","Effect","AutoTone","Techno","电音"
"Audio","Effect","Concert","Concert","演唱会"
"Audio","Effect","Dance","Dance","舞曲"
"Audio","Effect","DoubleU","Illusion","迷幻"
"Audio","Effect","Free_Reverberation","Free Reverberation","超级混响"
"Audio","Effect","Harmonic_Text","Harmonic","团"
"Audio","Effect","Ktv","KTV","KTV"
"Audio","Effect","Live_Studio","Live Studio","录音室"
"Audio","Effect","Live_Valley","Live Valley","空谷"
"Audio","Effect","NewAge","New Age","新世纪"
"Audio","Effect","Not_Support_Text","Effect not supported","歌曲不支持使用此特效"
"Audio","Effect","Original","Original","原声"
"Audio","Effect","Phonograph","Phono","留声机"
"Audio","Effect","Pop","Pop","Pop"
"Audio","Effect","Reverb_L0","Normal","原声"
"Audio","Effect","Reverb_L10","Professional","魔音怪咖"
"Audio","Effect","Reverb_L20","Dominating","实力唱将"
"Audio","Effect","Reverb_L30","Godlike","专业歌手"
"Audio","Effect","Reverb_L40","Legendary","顶级歌神"
"Audio","Effect","Reverberation","Reverberation","混响"
"Audio","Effect","RnB","R&B","R&B"
"Audio","Effect","Robot","Robot","机器人"
"Audio","Effect","Rock","Rock","摇滚"
"Audio","Effect","Setting_Echo_Text","Reverb Effect","混响效果"
"Audio","Effect","Setting_Title","Sound Settings","音效设置"
"Audio","Effect","Setting_Volume_Text","Volume of Voice","人声音量"
"Audio","Effect","Space","Space","空间"
"Audio","Effect","Super_Text","Super","超级"
"Audio","Effect","Text","Effect","音效"
"Audio","Effect","Theatre","Theatre","小剧场"
"Audio","Effect","Tip_Builder","Reverb Effects","混响特效\n（%s）"
"Audio","Rhythm","Move_Left_Text","Moves forward by %d milliseconds","人声向前移动%d毫秒"
"Audio","Rhythm","Move_Right_Text","Moves backward by %d milliseconds","人声向后移动%d毫秒"
"Audio","Rhythm","Move_Text","Move the human voice","移动人声"
"Block","Button","","Block","加入黑名单"
"Camera","Button","","Camera","相机"
"Camera","Filter","BlueCrystal","Fresh","清新"
"Camera","Filter","Brighten","Brighten","美白"
"Camera","Filter","Cool","Clear","清凉"
"Camera","Filter","Elegant","Grace","优雅"
"Camera","Filter","Grayscale","Gray","黑白"
"Camera","Filter","Japanese","Pure","日系"
"Camera","Filter","LakeWater","Retro","复古"
"Camera","Filter","Mosaic","Painting","油画"
"Camera","Filter","Normal","Normal","无"
"Camera","Filter","Origin","Natural","自然"
"Camera","Filter","Radial","Radial","穿越"
"Camera","Filter","ThinFace","Thin","瘦脸"
"Camera","Filter","Whiten","Brighten","美白"
"Camera","Filter","Yunying","Vignette","晕影"
"Camera","Permission","Msg","Allow Spotlite to access Camera","Spotlite需要访问您的相机，请到设置中开启。"
"Cancel","Button","","Cancel","取消"
"Cash","Record","Fail","Fail.reason:","失败。原因："
"Cash","Record","Processing","In the processing","处理中"
"Cash","Record","Success","Succeeded","成功"
"Choose","Location","Title","Choose Location","选择地区"
"Cmp","Detail","Join_Dialog_Btn","Pick a song","去选歌"
"Cmp","Detail","Join_Dialog_Msg","Start to make your masterpiece","开始录制你的参赛作品吧"
"Cmp","Detail","Rule_Label","Rules","规则"
"Cmp","Detail","Share_Label","Share","分享"
"Coin","Notice","Title","Notice","提示"
"Coin","Pending","Transaction_Details","You have an underway purchase:%@, continue?","你还有未完成的充值"
"Coin","Pending","Transaction_Tips","You have an underway purchase, continue?","你还有未完成的充值，是否要继续？"
"Common","ActionSheet","Camera","Take a Photo","拍摄"
"Common","ActionSheet","Photo","Choose from Albums","从相册中选择"
"Common","Alert","Cancel","Cancel","取消"
"Common","Alert","Exit","Exit","退出"
"Common","Alert","OK","OK","确定"
"Common","Button","Retry","Retry","重试"
"Common","Cell","Edit_Delete","Delete","删除"
"Common","Delete","success_tip","Delete successful","删除成功"
"Common","Loading","Tips","Loading…","正在加载…"
"Common","ProgressHud","Composing","Composing…","合并中…"
"Common","ProgressHud","Converting","Converting…","转码中…"
"Common","ProgressHud","Loading","Loading…","加载中…"
"Common","ProgressHud","Saving","Saving…","保存中…"
"Common","PullRefresh","Loading","Loading…","正在加载"
"Common","PullRefresh","LoadMore","Load more","加载更多"
"Common","PullRefresh","PullDown","Pull","下拉刷新"
"Common","PullRefresh","Refresh","Refreshing…","正在刷新"
"Common","PullRefresh","Release","Release","松开刷新"
"Common","Time","Day","%dd","%d天前"
"Common","Time","Hour","%dh","%d小时前"
"Common","Time","Min","1min","1分钟内更新"
"Common","Time","One_min","%dmin","%d分钟前"
"Common","Tip","DataTypeWrong","Something happens…","数据类型出错"
"Common","Tip","PoolNetwork","Please check network connection","请检查网络连接，稍后重试"
"Common","Twitter","Service_Unavailable","Twitter service unavailable","Twitter服务不可用"
"Common","Waring","confirm_msg","Confirm deletion","确认删除"
"Comp","Label","History","History","历史比赛"
"Competition","Detail","Empty_Desc","Be the first one to join this contest","抢占先机，做第一个参加比赛的人吧～"
"Competition","Detail","Finished_Label","Finished","已结束"
"Competition","Finish","Label","Finished","已结束"
"Competition","History","Entrance","Finished Contests","历史比赛"
"Competition","History","Title","Finished Contests","历史比赛"
"Competition","Join","Alert_Content","Start to make your masterpiece","演唱歌曲即可参加比赛"
"Competition","Join","Alert_Tip","Tip","提示"
"Competition","JoinButton","Label","Join","参加"
"Competition","JoinedButton","Label","Joined","已参加"
"Competition","List","Finished_Label","Finished Contests","历史比赛"
"Competition","PickSong","Button","Pick a song","选择歌曲"
"Competition","RankType","FastestRising","Fastest Rising","上升最快"
"Competition","RankType","Top100","Top 100","前100名"
"Competition","RankType","UpToDate","Most Recent","最新作品"
"Competition","Share","Button","Share","分享"
"Continue","Button","","Continue","继续"
"Date","Day","Label","d","日"
"Date","Hour","Label","h","小时"
"Date","Min","Label","min","分钟"
"Date","Week","Label","w","周"
"Date","Year","Label","y","年"
"Del","UserWork","Success_Msg","Deleted","删除作品成功"
"Dialog","Follow","CancelFollow","Are you sure you want to unfollow?","确定取消关注吗？"
"Dialog","Set","Logout","Are you sure you want to exit?","确认要退出登录？"
"Dialog","Visitor","Remove","Are you sure you want to remove this visitor?","确定删除此访客吗？"
"Empty","Block_Users","Label","No one is blocked.","黑名单为空"
"Empty","Cash_History","Label","You haven\'t made any withdrawal requests. Please win more diamonds.","你还没有发起过提现，多多赢取钻石吧。"
"Empty","Coming_Soon","Label","Coming soon","即将到来"
"Empty","Comment_Notice","Label","You haven\'t got any comments, make some new friends here.","你还没有收到评论，多跟大家互动吧"
"Empty","Competition","Label","Be the first one to join this contest.","抢占先机，做第一个参加比赛的人吧～"
"Empty","Description","","Hi explorer, there\'s nothing here for now.","这里暂时没有内容，去看看别的吧"
"Empty","Gift_Notice","Label","You haven\'t received any gifts yet.","你还没有收到礼物，多发一些作品吧"
"Empty","Gift_Rank","Label","The work hasn\'t received any gifts.","该作品还未收到礼物。"
"Empty","My_Contest","Label","Go to Home > Spotlite to choose a contest you like. May you win the first prize!","去首页  > Spotlite 里选择你心动的比赛参加吧，祝你夺得头筹！"
"Empty","My_Fans","Label","You haven\'t got any fans, make some new friends here.","你还没有粉丝，去认识些新朋友吧"
"Empty","My_Follows","Label","You haven\'t follow anyone, make some new friends here.","你还没有关注别人，去认识些新朋友吧"
"Empty","My_Songs","Label","Sing a song to celebrate the bright day!","唱一首歌来庆祝这美好的一天吧～"
"Empty","My_Visitor","Label","You can start by visiting other users:)","还没有人访问过你，先去访问别人吧～"
"Empty","Normal_Notice","Label","You don\'t have any messages.","你还没有收到通知，去看看别的吧"
"Empty","Other_Fans","Label","Hi explorer, there\'s nothing here for now.","这里暂时没有内容，去看看别的吧"
"Empty","Other_Follows","Label","Hi explorer, there\'s nothing here for now.","这里暂时没有内容，去看看别的吧"
"Empty","Other_Songs","Label","Hi explorer, there\'s nothing here for now.","这里暂时没有内容，去看看别的吧"
"Empty","Work_Comment","Label","Be the first one to leave your comment:)","第一个留下你的评论吧～"
"Error","Gold","Label","Your phone doesn\'t have google service, can\'t purchase any coins.","你的手机缺少google服务，无法充值金币。"
"Exmoney","Dialog","Content","Successfully Done","成功"
"Exmoney","Dialog","Title","Congratulations","祝贺你"
"Filter","All","Button","All","全部"
"Filter","Audio","Button","Audio","音频"
"Filter","Button","","Filter","筛选"
"Filter","Title","","Please Choose","选择"
"Filter","Video","Button","Video","视频"
"Gift","Rank","Entrance","Contribution Rank","贡献榜"
"Gift","Tip","Car","send a car","送了一辆超级跑车"
"Gift","Tip","Casstle","send a casstle","送了一座浪漫城堡"
"Gift","Tip","Plane","send a plane","送了一架飞机"
"Gift","Tip","Ship","send a ship","送了一艘豪华游轮"
"GooglePay","Pay","recharge_cancel","Canceled purchase","用户取消支付"
"GooglePay","Pay","recharge_error","Failed to charge","支付失败"
"GooglePay","Pay","recharge_loading_Inventory","Recovering your last purchase","please try again later"
"GooglePay","Pay","recharge_loading_request","Requesting for purchase","正在请求支付"
"GooglePay","Pay","recharge_loading_verify","Verifying purchase","正在验证支付"
"GooglePay","Pay","recharge_success","Purchase succeed","金币购买成功，请查看你的金币数"
"GooglePay","Pay","setup_error","Can not connect to Google Pay","无法连接到Google Pay!"
"Home","Featured","Title","FEATURED","热门"
"Home","Follow","MultiLive_Title","Friends\' Livestream","好友直播"
"Home","Follow","Recommend_Cancle_FollowSuccess","Cancel successful!","取消成功!"
"Home","Follow","Recommend_CombineCancel","Canceled","绑定取消"
"Home","Follow","Recommend_CombineFail","Not connected","绑定失败"
"Home","Follow","Recommend_CombineSuccess","Connected","绑定成功"
"Home","Follow","Recommend_Combining","Connecting…","正在绑定…"
"Home","Follow","Recommend_FollowSuccess","Following","关注成功"
"Home","Follow","Recommend_Title","Recommended friends","推荐好友"
"Home","Follow","Title","FOLLOW","关注的人"
"Home","Spotlite","Title","SPOTLITE","比赛"
"Home","UploadTip","Fail","Upload failed","上传失败"
"Home","UploadTip","Uploading","Uploading","正在上传"
"Home","UploadTip","Waiting","Waiting","等待上传"
"Input","MaxLength","Msg","Too many characters","字数超过限制"
"Input","Name","Msg","Please input your name","请输入姓名"
"Input","Retry","Msg","Please re-enter","请重新输入"
"Keyboard","Placeholder","Tip","Say something…","说点什么…"
"Live","AnchorAlwaysSing","Label","Anchor\'s hot song","主播常唱"
"Live","BackButton","Tip","BACK","返回"
"Live","Button","Reconnect","Reconnect","重连"
"Live","Complete","Diamonds","",""
"Live","Complete","End","THE END","直播已结束"
"Live","Complete","Gifts","Gifts","礼物"
"Live","Complete","Time","Lasts","时长"
"Live","Complete","Viewer_Recommend","You may also like","猜你喜欢"
"Live","Complete","Viewer_Viewers","%1$s viewers","%1$s 观众"
"Live","Complete","Viewers","Viewers","观众"
"Live","ConnectFailed","Alert","Connection failed,reconnect","服务器连接失败，是否重新连接"
"Live","Dialog","gag_content","",""
"Live","Dialog","gag_ok","",""
"Live","Dialog","gag_title","",""
"Live","Dialog","Net_Weak_Title","Your network connection is poor, reconnect to continue live streamming","亲，您的网络太差，需要重连才能继续直播，是否重连"
"Live","Dialog","WB_Retry","Connection failed, reconnect","连接异常，是否重新连接"
"Live","DiamondsReceivedThisTime","Tip","Diamonds received this time","本次直播收到钻石"
"Live","Error","Audio","Recording failed, please check Recording permission settings","录制失败，请检查录音权限"
"Live","Error","Camera","Camera/Recording permissions cannot be accquired. Please allow Spotlite to access your Camera and Recording to go live (If it still fails, please restart your device)","您的相机和录音权限未打开，请到设置-更多应用-spotlite-权限管理，打开相机和录音权限，就可以直播啦（若依然无法开播，请重启手机）"
"Live","Error","Init","Failed to go live _%s, try opening this page again","推流初始化失败_%s，尝试重新进入直播页面"
"Live","Error","Init_player","Player initialization failed","播放器初始化失败"
"Live","Error","Load_Song","Song files loading failed","歌曲文件加载失败"
"Live","Error","Net_Weak","Network connection is poor and audiences cannot see your show. Please restart your livestream","亲，您的网络太差，观众看不到您的直播了，请重新开播"
"Live","Error","OS","System version is too low to open Livesteam","系统版本过低，无法开启直播"
"Live","Error","RTMP_Connect","Connection failed, reconnecting…","连接失败，正在重试"
"Live","Error","Viewer_Retry","Failed to connect to the livestream service","重试播放失败"
"Live","Error","Viewer_URL","Something wrong with your livestream source, reconnecting…","链接出问题了，正在尝试重新链接"
"Live","Error","Viewer_Video","Some trouble with the service, go back and re-enter this room","主播可能遇到了小麻烦，尝试重新进入房间"
"Live","Error","WB_Retry","Some trouble with the service. No chatting right now. Video playing is not affected","重试失败，无法聊天和看观众，但不影响观看视频"
"Live","Exit","Tip","Are you sure you want to exit?","确定要退出直播吗？"
"Live","HeartIsNotReady","Tip","Wait a few seconds to send free gift again","耐心等待几秒，免费礼物就会生成~"
"Live","Message","Block_Success_Tip","Blocked successfully","拉黑成功"
"Live","Message","Block_User_Label","Block","加入黑名单"
"Live","Message","Block_User_Tip","Are you sure you want to block this person? You will no longer be able to follow him once blocked.","加入黑名单后你们将解除关注关系，并且不能再互相关注"
"Live","Message","Confirm","Confirm","确定"
"Live","Message","Empty","Type","不能输入空内容"
"Live","Message","Exceeds_Limit","Message too long","字数超过限制啦"
"Live","Message","gift_dian","send","点"
"Live","Message","gift_give","send","送"
"Live","Message","Input_Report_Reason_Tip","Describe report","请输入举报原因"
"Live","Message","Lucky_Egg_Get_GIft","You received a lucky egg","通过幸运彩蛋开出了"
"Live","Message","Prohibition_Tip","Are you sure you want to silence this user?","确定30分钟内禁止该用户说话？"
"Live","Message","Report_Reason_Advertisement","Advertisement","广告"
"Live","Message","Report_Reason_Harassment","Harassment","发表垃圾评论进行骚扰"
"Live","Message","Report_Reason_Label","Report reason","举报原因"
"Live","Message","Report_Reason_Other_Reason","Other reason","其他原因"
"Live","Message","Report_Reason_Pornography","Pornography","政治或色情内容"
"Live","Message","Report_Reason_Scam","Scam","带有人身攻击、辱骂的评论"
"Live","Message","Send","Send","发送"
"Live","Message","SendStr","Send","送了"
"Live","Message","share_the_live_stream","Shared this Livestream","分享了本次直播"
"Live","Message","Thx_For_Report_Tip","Thanks for your report. We will address your issue ASAP.","感谢您的举报，我们会及时处理"
"Live","Message","UnBlock_Label","Unblock","解除黑名单"
"Live","Message","UnBlock_Success_Tip","Unblocked successfully","移除黑名单成功"
"Live","Message","UnBlock_User_Tip","Do you want to unblock user?","解除该用户的黑名单"
"Live","Message","unit_of_measurement","","个"
"Live","Message","zh_le","","了"
"Live","MiniPlayerClose","Tip","Are you sure you want to stop playing?","确定要结束音乐吗？"
"Live","MiniPlayerDownloading","Tip","Downloading the music…","歌曲正在下载中"
"Live","MiniPlayerDownloadMusicFail","Tip","Music download failed，please check your internet.","伴奏文件下载失败，请检查网络连接状态"
"Live","Msg","Arrive","just arrived.","来了"
"Live","Msg","Emoji","sent an emoji.","送出了一个emoji表情"
"Live","Msg","Follow","followed the broadcaster.","关注了主播"
"Live","Permission","camera","Camera","启用相机"
"Live","Permission","location","Location","启用定位"
"Live","Permission","message","Need these permissions to Start Live","开启直播\n需允许以下权限"
"Live","Permission","message_camera","Show Yourself","秀出你的颜值"
"Live","Permission","message_location","More people can see You","更多人看到你"
"Live","Permission","message_mic","Great Voice is You","好声音就是你"
"Live","Permission","mic","Mic","启用麦克风"
"Live","PreparePageTitle","Label","Say something(within 30 words)","播点什么? (30字以内)"
"Live","Prohibition","Label","Ban","禁言"
"Live","Publisher","Click_Live","You cannot watch others\' live shows while you are in your own","误点了吧，您现在正在直播哦，不能进入其他人的直播!"
"Live","Publisher","Close_MiniPlayer","Are you sure you want to stop music?","确定要结束音乐吗？"
"Live","Publisher","Download_Song","Downloading","伴奏下载中"
"Live","Publisher","Filter_Tip","Swipe to switch filter","左右滑动可切换滤镜"
"Live","Publisher","ShareContent","%s is live on Spotlite. Come and join!","%s正在Spotlite直播，快来看看！"
"Live","RechargeButton","Label","Purchase >","充值 >"
"Live","Recommend","Tip","You May Also Like","可能喜欢"
"Live","SeenLiveCount","Tip","Visitors","人看过"
"Live","SelectButton","Label","Select","点歌"
"Live","SelectCount","Label","- selected %@ times","- 已点%@次"
"Live","SelectCount","Label1","selected %@ times","已点%@次"
"Live","ShareDialog","Title","Live Broadcast on Spotlite","Spotlite直播"
"Live","ShareToFacebook","Label","share to facebook","分享直播到facebook"
"Live","ShareToTwitter","Label","share to twitter","分享直播到Twitter"
"Live","Sing","Always_Sing_Songs_List","History","主播常唱歌曲列表"
"Live","Sing","Hot_Song_List","Hot songs","热门歌曲"
"Live","Sing","Received_Song_EmptyText","The broadcaster has not received songs.","主播还未收到点歌，为他点一首吧！"
"Live","Sing","Received_Song_List","Song list received","主播已收到的点歌列表"
"Live","Sing","Received_Song_VC_Title","Sing a song for you","为你唱首歌"
"Live","Sing","Received_Tab","Received","收到点歌"
"Live","Sing","Search","Song name/singer","歌曲名、歌手名、首字母"
"Live","Sing","Search_Clear_Result","Clear all","清除搜索记录"
"Live","Sing","Search_No_Result","No search results","暂无搜索结果"
"Live","Sing","Search_Tips","song or artist","歌曲名、歌手名、首字母"
"Live","Sing","Selected_Tab","History","已点歌曲"
"Live","Sing","Sing_Tab","Sing","点歌台"
"Live","Sing","Song_List","Song List","点歌单"
"Live","Song","Animation_Fans","and %d fans listened this song","及%d个粉丝点了此歌"
"Live","Song","Animation_One_Fans","Ordered this song","点了此歌"
"Live","Song","Play","Play","播放"
"Live","Song","Singed_Count","Sang %d times","已唱%d次"
"Live","StartToPushStream","Label","start","开始直播"
"Live","TheEnd","Tip","THE END","直播结束"
"Live","Tip","Anchor_Leave_A_Moment","Broadcaster is leaving for a while, please wait…","主播离开一会儿，请稍候"
"Live","Tip","Audio","Please check \""No Reminder\"" and agree to avoid vocal/accompaniment alignment problems!","请先勾选不再提醒并同意，再重新开播否则会导致严重的人声伴奏对齐问题!"
"Live","Tip","GetBannedByBroadcast","You have been blocked for %ld min","您已被主播禁言%ld分钟"
"Live","Tip","GetBannedByBroadcast4Android","You have been blocked for %d min","您已被主播禁言%d分钟"
"Live","Tip","Invalid","Current network connection Is poor. Please switch network and restart app!","由于当前网络环境过差，无法支持视频直播。请切换至其他网络或改善所处网络环境后重新开播！"
"Live","Tip","LiveWrong","Something happens, please try again later…","直播出现问题，建议稍后重试"
"Live","Tip","Low","Current network connection Is poor. Spotlite has switched to smooth mode. To use HD mode, connect to another network and restart app!","由于当前网络环境较差，已切换至流畅模式。如需使用高清模式，请改善所处网络环境后重新开播！"
"Live","Tip","PullToBlackList","You have been blocked","您已被主播拉黑"
"Live","TotalDuring","Tip","Lasts","直播时长"
"Live","UserSentGiftCount","Tip","Gifts","收到礼物"
"Live","Viewer","Black","You have been blocked","您已被主播拉黑"
"Live","Viewer","Chat_time","Banned for %s minutes","还有%s分钟才可以发言"
"Live","Viewer","Exit","Tap twice to exit.","再按一次将退出观看!"
"Live","Viewer","Resume","",""
"Live","Viewer","URL_Change","Video stream address changed, reconnect","播放地址有更新，重新加载"
"Login","Account","Facebook","Sign in with Facebook","Sign in with Facebook"
"Login","Account","Phone","Phone Number","Phone Number"
"Login","Account","Twitter","Sign in with Twitter","Sign in with Twitter"
"Login","Email","Label","Continue with Email","Email登录"
"Login","Error","Login","Login Failed","登陆失败"
"Login","Error","Token_Error","Your Spotlite account has logged in from another place.","你的Spotlite账号在其他地方登录，即将被挤下线。非本人行为请尝试重新登录！"
"Login","Error","Token_Invalid","User authorization expired, Please log in again","用户授权过期，请你重新登录"
"Login","Facebook","Label","Continue with Facebook","Facebook登录"
"Login","Phone","Label","Continue with Phone","手机号码登录"
"Login","Third_Account","Label","Continue With","登录方式"
"Login","TokenInvalid","Alert","Your account is being logged in on another device, please log in again.","你的账号正在别的设备上使用，请重新登录。"
"Login","Twitter","Label","Continue with Twitter","Twitter登录"
"Me","BlackList","Empty_Desc","No one is blocked.","黑名单为空"
"Me","Cash","BindPaypal_Tip","Connect to your Paypal account …","绑定你的Paypal账号……"
"Me","Cash","ExchangeMoney_Tip","Convert diamonds to money …","正在把钻石兑现成现金……"
"Me","Cash","Success_Label","Your payout request will be handled within 5 business days","你的提现申请将于5个工作日内完成"
"Me","Charge","Bonus_Label","Bonus","奖励"
"Me","Charge","Diamond2Cash_Tip","Are you sure to cash %1$@ diamonds out into $%2$@?","请确定要将%1$@钻石提现成$%2$@？"
"Me","Charge","Diamond2Coin_Tip","Are you sure to convert %1$@ diamonds to %2$@ coins?","请确定要将%1$@钻石兑换成%2$@金币？"
"Me","Charge","IAP_IsRequesting","Connecting…","正在请求…"
"Me","Charge","Label","Convert to Coins","兑换金币"
"Me","Charge","LessDiamond_Tip","Your diamonds are not enough","你的钻石不足"
"Me","Charge","Success_Tip","Converted","兑换成功"
"Me","Charge","Tip_BuyFail","Purchase failed","充值失败"
"Me","Charge","Tip_BuySuccess","Purchase successful!","充值成功！"
"Me","Charge","Tip_CheckYourOrder","Checking your order…","正在验证…"
"Me","Charge","Tip_ItunesStoreConnectFail","Cannot connect to iTunes Store, please retry again","无法连接到iTunes Store"
"Me","Charge","Tip_ItunesStoreRequestingPay","Requesting for purchase…","正在请求支付…"
"Me","Charge","Tip_ItunesStoreRequestTimeOut","Cannot connect to iTunes Store, please retry again","iTunes Store请求超时，请稍后重试"
"Me","Charge","Tip_PurchaseSuccess","Purchased","金币购买成功，请查看你的金币数"
"Me","Charge","Tip_RequestingProductInfo","Requesting for purchase information","正在请求产品信息…"
"Me","Charge","Tip_UserCancelPay","Purchase cancelled","用户取消支付"
"Me","Coin","ExchangeDiamond_Tip","Convert diamonds to coins …","正在把钻石兑换成金币……"
"Me","Coins","Available_Label","Available Coins","可用金币"
"Me","Coins","Avaliable_Label","Availiable Coins","可用金币"
"Me","Coins","Label","Coins","金币"
"Me","Comment","Empty_Desc","You haven\'t got any comments, make some new friends here.","你还没有收到评论，多跟大家互动吧"
"Me","Competition","Label","Contests","比赛"
"Me","Contest","Empty_Desc","Go to Home > Spotlite to choose a contest you like. May you win the first prize!","去首页  > Spotlite 里选择你心动的比赛参加吧，祝你夺得头筹！"
"Me","Fans_Other","Empty_Desc","Hi explorer, there\'s nothing here for now.","这里暂时没有内容，去看看别的吧"
"Me","Fans_Self","Empty_Desc","You haven\'t got any fans, make some new friends here.","你还没有粉丝，去认识些新朋友吧"
"Me","Follow_Other","Empty_Desc","Hi explorer, there\'s nothing here for now.","这里暂时没有内容，去看看别的吧"
"Me","Follow_Self","Empty_Desc","You haven\'t follow anyone, make some new friends here.","你还没有关注别人，去认识些新朋友吧"
"Me","Gift","Empty_Desc","You haven\'t received any gifts yet.","你还没有收到礼物，多发一些作品吧"
"Me","Income","Label","Earnings","收入"
"Me","Level","Label","Upgrade","等级"
"Me","Money","Ammount_Label","Total withdrawal ammount","总计提现金额"
"Me","Money","Cash_Label","Cash out","提现"
"Me","Money","Cash_Record","History","记录"
"Me","Money","Coins_Avaliable","Available Coins","可用金币"
"Me","Money","Diamond_Label","Current Diamonds","当前钻石"
"Me","Money","Diamonds_Left","Available Diamonds","剩余钻石"
"Me","Money","Diamonds_Received","Total Received Diamonds","累计收到钻石"
"Me","Notice","Comment_Label","comment","评论"
"Me","Notice","Reply_Label","reply","回复"
"Me","Paypal","Account_Label","Paypal Account","提现账号"
"Me","Paypal","Binded_Label","Money will be transfered to this account.","提现金额将被提现到这个账号"
"Me","Paypal","Change_Button","Switch","切换"
"Me","Paypal","Comment_Label","The current PayPal account","当前Paypal账号"
"Me","Paypal","Switch_Label","You can switch your PayPal account","你可以切换Paypal账号"
"Me","Paypal","UnBind_Label","Cash out! Please add an verified PayPal account.","提现！请指定一个Paypal账号"
"Me","Setting","About_Label","About","关于"
"Me","Setting","BlockList_Label","Block List","黑名单"
"Me","Setting","ClearCache_Label","Clear Cache","清除缓存"
"Me","Setting","Feedback_Label","Feedback","反馈"
"Me","Setting","Label","Settings","设置"
"Me","Setting","Language_Label","Language","语言"
"Me","Setting","Language_Switch_Msg","Language swiched successfully, please restart Spotlite","切换语言成功，请重启Spotlite。"
"Me","Setting","Language_Switch_Success","Language swiched successfully","切换语言成功"
"Me","Setting","Logout_Button","LOG OUT","退出登录"
"Me","Setting","Privacy_Label","Privacy Policy","隐私"
"Me","Songs_Other","Empty_Desc","Hi explorer, there\'s nothing here for now.","这里暂时没有内容，去看看别的吧"
"Me","Songs_Self","Empty_Desc","Sing a song to celebrate the bright day!","唱一首歌来庆祝这美好的一天吧～"
"Me","SystemNotice","Empty_Desc","You don\'t have any messages.","你还没有收到通知，去看看别的吧"
"Me","Upload","Label","Uploading","正在上传"
"Me","VIPCenter","Label","VIP Center","会员中心"
"Me","Visitor","Empty_Desc","You can start by visiting other users:)","还没有人访问过你，先去访问别人吧～"
"Me","Visitor","Label","Visitors","最近访客"
"Memory","Error","No_Sdcard","Please install an SD Card to use full features of Spotlite","系统检测到你的设备没有安装SD卡，无法使用spotlite的部分功能，请先安装SD卡"
"Net","Error","No_Internet","Request failed, please check your network connection","请求不成功，请尝试切换网络连接"
"Net","Error","No_Internet_Wap","Request failed. You are using a slow network connection, please check","请求不成功，你当前使用的是WAP网络，建议你切换到NET网络完成操作"
"Net","Error","Timeout","Request timeout, please try again","请求超时，请重新试试"
"Notice","Reply","Button","Reply","回复"
"Notice","Reply","Success_Label","Comment sent","回复成功"
"OK","Button","","OK","确定"
"Paypal","Add","Label","Add Paypal Account","绑定Paypal账号"
"Permission","Camera","Desc","Spotlite needs access to your camera to upload your performances or photos","为了能够上传作品或照片，Spotlite 需要获取相机权限"
"Permission","Mic","Desc","Spotlite needs access to your microphone to record a song","为了保证正常录歌，Spotlite 需要获取麦克风权限"
"Permission","Notice","Title","Notice","提示"
"Permission","Require","Camera","Allow %@ to access Camera","%@需要访问您的相机，请到设置中开启。"
"Permission","Require","Location","Allow %@ to access Location","%@需要访问您的地理位置，请到设置中开启。"
"Permission","Require","Microphone","Allow %@ to access Microphone","%@需要访问您的麦克风，请到设置中开启。"
"Permission","Storage","Cancel_Btn","Exit","退出"
"Permission","Storage","Desc","Spotlite needs access to your memory space to save your performances","为了能够保存你的作品，Spotlite 需要获取存储空间访问权限"
"Permission","Storage","Label","Read local file permissions not open","读取本地文件权限未打开"
"Permission","Storage","OK_Btn","Allow","允许"
"Permission","Storage","Second_Desc","You can\'t use Spotlite when access to your memory space is denied","Spotlite 需要你允许获取存储空间权限后才可使用"
"PhotoPicker","Option","Preview_Image","Preview","预览"
"PhotoPicker","Option","Select_Album_Text","Choose Album","选择相册"
"PhotoPicker","Title","Complete_Button_Text","Done","完成"
"PhotoPicker","Title","Complete_Button_Text_With_Count","Done(%1$d / %2$d)","完成(%1$d / %2$d)"
"PhotoPicker","Title","Over_Max_Count_Tips","You can select up to%1$d images","你最多可以选择%1$d张图片"
"Play","Comment","Input_Text_Holder","Say something…","说点什么"
"Play","Comment","Reply","Reply","回复"
"Play","Comment","Send_button_Text","Send","发送"
"Play","Comment","SuccessTip","Posted","评论成功"
"Play","Error","Instantiating_Decoder","Unable to instantiate decoder %1$s","无法实例化解码器 %1$s"
"Play","Error","Net_Mode_Tips","No Wi-Fi network, default playback is audio only. For video playback, go to Settings to change the playback option","当前没有WLAN网络，仅播放音频，播放视频请到设置中更改默认选项"
"Play","Error","No_Connect","If the playback cannot start, please check your network connectivity","如果无法播放，请检查一下是否连接网络"
"Play","Error","No_Decoder","This device does not provide a decoder for %1$s","此设备不提供解码器 %1$s"
"Play","Error","No_Secure_Decoder","This device does not provide a secure decoder for %1$s","此设备不提供安全解码器 %1$s"
"Play","Error","Querying_Decoders","Unable to query device decoders","无法查询设备解码器"
"Play","Follow","Button","Follow","关注"
"Play","Follow","Success","Following","关注成功"
"Play","Gift","Alert_GiftRank","Contribution Rank","贡献榜"
"Play","Gift","Alert_Recharge","Purchase","去充值"
"Play","Gift","Alert_Title","You coins are not enough, please purchase","你的金币不足，请先充值"
"Play","Gift","Send_Failed","Gift giving failed！","赠送礼物失败！"
"Play","Gift","Send_Success","Gift giving success！","赠送礼物成功！"
"Play","GiftRank","Empty_Desc","The work hasn\\\'t received any gifts.","该作品还没有收到礼物"
"Play","Sing","Button_Title","Sing","演唱"
"Rebuse","Button","","Report","举报"
"Record","Complete","Back_Mp","Quit","退出"
"Record","Complete","Give_Up_Button_Text","Quit","退出"
"Record","Complete","Init_Error","Initialization Failed","初始化失败"
"Record","Complete","Lyric_None","Sing your own lyrics","暂无歌词"
"Record","Complete","Lyric_Search","Searching lyrics","正在搜索歌词"
"Record","Complete","Merge_Progress","Synthesis Progress","合成进度"
"Record","Complete","Merging_Text","Synthesizing","正在合成"
"Record","Complete","NameLimit_Alert_Desc","Song name supports up to 40 chars","歌曲名最多支持40字，请重新输入"
"Record","Complete","NameLimit_Alert_Title","Song name too long","歌曲名过长"
"Record","Complete","Params_Mission","System Error","系统错误"
"Record","Complete","Rename_Alert_Placeholder","Up to 40 chars, without emoji","请输入歌曲名，最多40字，不支持表情"
"Record","Complete","Rename_Alert_Title","Song Name","歌曲名"
"Record","Complete","Rerecord_Dialog_Content","Are you sure you want to rerecord?","确定要重新录制吗？"
"Record","Complete","UnSave_Record_Dialog_Content","Current song has not been saved. Are you sure you want to rerecord?","当前歌曲还没有保存，确定要重新录制吗？"
"Record","Complete","UnSave_Record_Dialog_Title","Are you sure you want to rerecord?","确定要重新录制吗？"
"Record","Complete","Upload_Button","Upload","上传"
"Record","Complete","WorkLimit_Alert1","To upload your work, it must be longer than 45 seconds.","录音长度大于45秒的作品才能上传"
"Record","Complete","WorkLimit_Alert2","To upload your work, please record longer","伴奏长度小于60秒的作品，录音长度大于30秒才能上传至个人主页"
"Record","Convert","Error","File cannot be converted to PCM","文件无法转换为PCM"
"Record","Headphone","Tip_Label","headphones\nrecommended","戴耳机录n效果更好"
"Record","Prepare","Audio_Space_Tip","Keep a certain distance from microphone for good recording quality","和话筒保持适当的距离可以防止喷麦"
"Record","Prepare","Audio_Tip","Tap to pause, drag lyrics to rerecord","点击歌词暂停，拖动歌词可以重新录制"
"Record","Prepare","Check_Loading","Checking data…","检查伴奏…"
"Record","Prepare","Clear_Song_Not_Support_Scorec","Scoring not supported","清唱不支持打分"
"Record","Prepare","Decode_Mp3_Fail","Decoding MP3 failed, Please try again","解码mp3失败，请重试"
"Record","Prepare","Download_Alert_Title","Download failed, please check network connection","下载失败，请检查网络链接"
"Record","Prepare","Download_Dialog_Title","Download failed","下载失败"
"Record","Prepare","Duet","Duet","合唱"
"Record","Prepare","Init_Error_Toast","Parameter error","参数错误"
"Record","Prepare","Memory_Forbid_Video","Notice: insufficient storage space and errors may occur during recording","请注意：磁盘空间不足，录制过程中可能会发生异常。"
"Record","Prepare","Not_Support_Score","The accompaniment does not support scoring","该伴奏暂不支持打分"
"Record","Prepare","Oppo_R9_Permission_Tip_Line1","Please check \""No Longer Remind\"" and click on The Authorization","请先勾选“不再提醒”，然后再点击授权，"
"Record","Prepare","Oppo_R9_Permission_Tip_Line2","Otherwise it might cause the voice and accompaniment to be unaligned!","否则会导致人声与伴奏无法对齐的问题！"
"Record","Prepare","Oppo_R9_Permission_Tip_Line3","Please re-record after authorization","授权后请重新录音"
"Record","Prepare","Permission_Dialog_Camera_Data","Unable to get camera data, open camera permissions for app in mobile app permissions management","没有获取摄像头数据，请在手机应用权限管理中打开应用的摄像头权限"
"Record","Prepare","Permission_Dialog_Camera_GotoSettings","Go to Settings","去设置页"
"Record","Prepare","Permission_Dialog_Cancle_Title","Try again","再试一次"
"Record","Prepare","Permission_Dialog_Confirm_Title","See Details","查看详情"
"Record","Prepare","Permission_Dialog_Confirm_Toast","If you are sure audio permission is enabled, Please restart phone and try again!","如果您确认录音权限没问题， 请重启手机再试！"
"Record","Prepare","Permission_Dialog_Confirm_Video_Title","If you are sure video permission is enabled, Please restart phone and try again!","如果您确认录像权限没问题， 请重启手机再试！"
"Record","Prepare","Permission_Dialog_Content","Recording permissions might be disabled, Please check","检测到你的【录音权限】可能被系统禁用,请确认你的录音权限已经开启"
"Record","Prepare","Permission_Dialog_Init_Content","Initial recording failed, Recording Permissions may be disabled. Please check and try again!","初始录音配置失败，你的【录音权限】可能被系统禁用, 请确认你的录音权限已经开启或则重启手机！"
"Record","Prepare","Permission_Dialog_Later_Title","Maybe later","以后再说"
"Record","Prepare","Permission_Dialog_Title","Tips","温馨提示"
"Record","Prepare","Solo","Solo","独唱"
"Record","Prepare","Start","Start","开始"
"Record","Prepare","Start_Record_Fail","Start recording failed. Please try again","启动录音失败，请重试"
"Record","Prepare","Video_MVFilter_Toast","Video filter is disabled due to the performace of your device","由于手机性能原因，暂时无法使用该滤镜"
"Record","Prepare","Video_Save_Error_Content","Recording MV function is disabled due to the performace of your device","抱歉，系统判断你的手机性能较低，暂时无法录制MV"
"Record","Prepare","Video_Save_Error_Title","Prompt","提示"
"Record","Preview","HeadSetTips","headphonesnrecommended","戴耳机录歌n效果更好"
"Record","Record","go_back_home","Back","返回"
"Record","Record","reply_send_btn","Send","发送"
"Record","Recording","choose_start_pos","Choose start position","选择录音开始位置"
"Record","Recording","Continue_Button","Record","录制"
"Record","Recording","Continue_Tip","Tap to continue","点击视频继续"
"Record","Recording","Control_Button","Controller","调节器"
"Record","Recording","Done_Button","Finish","完成"
"Record","Recording","Leave_Dialog_Text1","Recording has not started, Are you sure you waint to quit?","录音还没有开始，确定要退出吗？"
"Record","Recording","Leave_Dialog_Text2","Are you sure you want to stop recording?","确定要放弃录制吗？"
"Record","Recording","Leave_Dialog_Text3","Current song has not been saved. Are you sure you want to discard it?","当前歌曲还没有保存，确定要放弃录制吗？"
"Record","Recording","Mv_Record_Error_Common","Failed to start recording on your device. If error recurrs, restart your device and report the problem to the phone manufacturer","你的设备启动录像失败。如多次失败，请尝试重启机器并将该问题反馈给手机厂商"
"Record","Recording","Not_Enough_Space","You have insufficient free storage space","你的存储空间不足，请先清理你的SD卡内容"
"Record","Recording","Not_Enough_Space_With_Num","Insufficient storage space. Please ensure the device has at Least %d MB of free space","磁盘空间不足,至少留出%d存储空间"
"Record","Recording","Only_Chorus","Only chorus","仅副歌"
"Record","Recording","Original_Button","Original","原唱"
"Record","Recording","Pause_Button","Pause","暂停"
"Record","Recording","Pause_Exit_App_Toast","Your Concert May Be Interrupted by%s, It Is Recommended That You Exit The Application During Recording","你的演唱可能被%s打断，建议录制过程中退出该应用"
"Record","Recording","Pause_Tip","Tap to pause","点击视频暂停"
"Record","Recording","Progress_Text","Loading…%d","加载中…%d"
"Record","Recording","Record_Error_Common","Failed to start recording on your device. If error recurrs, restart your device and report the problem to the phone manufacturer","你的设备启动录音失败。如多次失败，请尝试重启机器并将该问题反馈给手机厂商"
"Record","Recording","Report_Alert","Thanks for your feedback. We will address ASAP","感谢您的反馈，我们会尽快处理"
"Record","Recording","Report_Button","Report","举报"
"Record","Recording","Report_Text","Report","反馈"
"Record","Recording","resume","Resume Record","继续录音"
"Record","Recording","Score","Score","得分"
"Record","Recording","Skip_End","Skip epilog","跳过结尾"
"Record","Recording","Skip_Prelude","Skip prelude","跳过前奏"
"Record","Recording","Try_Again_Alert","Operation too frequent. Please try again later","操作过于频繁,请稍候再试"
"Record","Recording","Volume_Minimum_Toast","The volume of voice is set to minimum. It is recommended to adjust the volume of voice to a proper level to ensure recording effect","你目前设置的人声音量为最小。如果想正常录音，建议调整人声音量到合适大小"
"Record","Report","Success","Feedback success","反馈成功"
"Record","Report","Text_1","Play is not smooth","播放不流畅"
"Record","Report","Text_2","The picture is not clear","画面不清晰"
"Record","Report","Text_3","Music is not synchronized","音画不同步"
"Record","Report","Text_4","Voice and accompaniment not synced","人声伴奏对不齐"
"Record","Report","Text_5","Low karaoke quality","伴奏质量差"
"Record","Report","Text_6","Wrong lyrics","歌词有错误"
"Record","Report","Text_7","Recording is not smooth","录制不流畅"
"Record","Report","Text_8","Lyric and accompaniment dislocation","歌词与伴奏错位"
"Record","Report","Text_9","Intonation Indicator not accurate","音准器节奏对不齐"
"Record","Upload","Album_Chose_Tip","You can choose up to 15 pictures","最多可以选择15张图片"
"Record","Upload","Album_Delete","Delete","删除"
"Record","Upload","Album_Desc","Add photos for music play","选取照片，当音乐播放的时候会轮播这些照片"
"Record","Upload","Album_Max_Tip","Reach the maximum amount","您已经添加了15张图片，不能再继续添加"
"Record","Upload","Album_Preview","Preview","预览"
"Record","Upload","Album_Select_Max","Up to %ld photos","最多可选择%ld张照片"
"Record","Upload","Album_Title","Album","相册"
"Record","Upload","Album_Unusable","Album is unusable","相册暂时不可用"
"Record","Upload","Camera_Unusable","Camera is unusable","摄像头暂时不可用"
"Record","Upload","Change_Cover","Change cover","更换封面"
"Record","Upload","Competition_Desc","You have already joined this contest","你已经参加过这个比赛了"
"Record","Upload","ComposeFail_Tip","Compose failed","作品合成失败"
"Record","Upload","Cover_Crop_Error","Image clipping error","图片裁减异常"
"Record","Upload","Cover_Crop_No_Sdcard","No SD card","没有本地SD卡"
"Record","Upload","Features","Featured covers","推荐图库"
"Record","Upload","NoNetwork_Tip","Please check network connection","请检查网络链接"
"Record","Upload","Private_Desc","Only you can see","只有自己可以看到"
"Record","Upload","Private_Title","Private","私密"
"Record","Upload","Public_Desc","Public to all users","所有人都可以看到"
"Record","Upload","Public_Title","Public","公开"
"Record","Upload","SaveFail_Tip","Save failed, please try again","保存失败，请重试"
"Record","Upload","Send_Button","Upload","上传"
"Record","Upload","TextView_Placeholder","Say something…","给作品添加描述"
"Record","Upload","Title","Upload","上传"
"RecordComplete","Score","Tip","Your score","你的得分"
"Recording","SoloAudio","ClickToContinue","Tap lyrics to continue","轻按歌词继续录制"
"Recording","Time","Title","Recording","正在录制"
"Register","Error","Headphoto","Please choose a profile picture","请设置头像"
"Register","Error","Name","Please set your username","请设置昵称"
"Register","Error","Save_Headphoto","Save profile picture failed","头像保存失败"
"Register","Error","Sex","Please choose your gender","请选择性别"
"Report","Accompaniment","Quality","Low karaoke quality","伴奏质量差"
"Report","Intonation","Indicator_Not_Accurate","Intonation Indicator not accurate","音准器节奏对不齐"
"Report","Lyrics","Mistakes","Wrong lyrics","歌词有错误"
"Report","Voice","Accompaniment_Not_Synced","Voice and accompaniment not synced","人声和伴奏对不齐"
"Root","Home","Title","HOME","动态"
"Root","Me","Title","ME","我"
"Root","Sing","Title","Sing",""
"Save","Button","","Save","保存"
"Search","Label","Clear","Clear History","清空历史记录成功"
"Search","Label","Error","No Search Results","未搜到相关结果"
"Search","Label","User","Search Username Or User ID","搜索用户名或用户ID"
"search","report","button","Report >","反馈 >"
"search","report","tip","Isn\'t here any karaoke you want?","没有你想要的歌曲？"
"Search","Result","Empty_Tip","Please enter the content you want to search for","请输入需要搜索的内容"
"Setting","Button","","Setting","设置"
"Settings","Button","","Settings","设置"
"Share","App","Install","Install","安装"
"Share","Copylink","Lable","Copy Link","链接"
"Share","Copylink","Success_Msg","copied","已复制"
"Share","Dialog","Tip_Share_Later","Please share it later","请稍后分享"
"Share","Success","Tip","share success","分享成功"
"Share","Twitter","Is_Not_Installed","Twitter not on your phone,  install it now?","你还没有安装Twitter，是否安装"
"Share","Twitter","Success_Msg","Shared to Twitter","成功分享到Twitter"
"Share","Url","Missed_Msg","Please share it later","请稍候再分享"
"Share","UserWork","ListenButton","Listen","查看"
"Sing","FinishRecord","Completed_Prompt","Are you sure you want to finish recording?","确定要完成录制吗？"
"Sing","FinishRecord","Title","Finish","完成录制"
"Sing","FinishRecord","Uncompleted_Prompt","Are you sure you want to finish recording?","确定要提前完成录制吗？"
"Sing","Original","CopySuccess","Copied to clipboard","已复制"
"Sing","Original","CopyTip","Click and copy URL to clipboard","点击复制到粘贴板"
"Sing","Original","OwnMusic","Uploading your karaoke music…","上传自己的伴奏"
"Sing","Original","Title","Original","原创"
"Sing","Original","VoiceOnly","Original","清唱"
"Sing","Original","Work","Uploading original work…","上传原创作品"
"Sing","Record","Discard","Discard","放弃保存"
"Sing","Record","EQ","Timbre","音色"
"Sing","Record","EQ_Bass","Deep","低沉"
"Sing","Record","EQ_Treble","Bright","明亮"
"Sing","Record","Exit","Exit","放弃录制"
"Sing","Record","Last_Move","Rhythm","节奏"
"Sing","Record","Rerecord","Restart","重新录制"
"Sing","Search","Friends","Users","用户"
"Sing","Search","Karaoke","Karaoke","卡拉OK"
"Sing","Search","SongsOrSinger","song or artist","歌曲名或歌手名"
"Sing","Search","Work","Work","作品"
"Sing","Song_List","Empty_Desc","Coming soon","即将到来"
"Sing","SongList","Genre_Default","History","已点歌曲"
"Sing","SongList","Header_Live","Live","直播"
"Sing","SongList","Header_Original","Original","原创"
"Sing","SongList","Search","Search","搜索"
"Song","Search","Empty_Desc","No search results","暂无搜索结果"
"SuperFan","Page","Reward","SuperFan rewards","超级粉丝奖励"
"SuperFan","Page","SuccessMsg","Successfully purchased","购买成功"
"SuperFan","Page","Title","SuperFan","超级粉丝"
"SuperFans","Purchase","Success","Successfully purchased","购买成功"
"Unblock","Button","","Unblock","从黑名单中移除"
"Upload","Dialog","Success_Label","Success","成功"
"Upload","Exit","Dialog_Content","Canceling will delete your current recording.","取消上传将删除你的当前录音。"
"Upload","Exit","Dialog_Title","Cancel uploading ?","取消上传吗？"
"Upload","Photo","Fail_Msg","Upload failed","上传图片失败"
"Upload","Photo","Success_Msg","Uploaded","上传图片成功"
"Upload","Share","Dialog_Listen_Btn","Listen","收听"
"User","CannotFollowSelf","Tip","You cannot follow yourself","不能关注你自己哦"
"User","Comment","Delete_Msg","Comment deleted","删除评论成功"
"User","Comments","Title","Comments","评论通知"
"User","Comp","Current_Rank","Current Rank","当前排名"
"User","Comp","Final_Rank","Final Rank","最终排名"
"User","Fans","Label","FANS","粉丝"
"User","Fans","Title","Fans","粉丝"
"User","FansList","RightButton","Upgrade","升级"
"User","Follow","Label","FOLLOW","关注"
"User","Follow","Title","Follow","关注"
"User","Follow_Eachother","Title","Following","互相关注中"
"User","Following","Label","FOLLOWING","关注"
"User","Following","Title","Following","关注中"
"User","Gifts","Title","Gifts","收到礼物"
"User","Info","SuperFan","SuperFan","超级粉丝"
"User","Live","Button","Live","直播"
"User","Mutual","Label","Friend","好友"
"User","Notices","Title","Notifications","系统通知"
"User","Profile","Bio","Bio:","简介:"
"User","Profile","CopyLink_Label","Copy Link","链接"
"User","Profile","DelUserWork","Are you sure you want to delete this work?","确认要删除该作品吗?"
"User","Profile","Facebook_Label","Facebook","Facebook"
"User","Profile","Female_Label","Female","女"
"User","Profile","Gender_Label","Sex","性别"
"User","Profile","Instagram_Label","Instagram","Instagram"
"User","Profile","Male_Label","Male","男"
"User","Profile","Name_Label","Username","昵称"
"User","Profile","Phone_Label","Telephone","电话号码"
"User","Profile","Photo_Label","Change Photo","照片"
"User","Profile","Security_Label","Privacy","隐私"
"User","Profile","Sign_Label","Short Bio","个性签名"
"User","Profile","Sign_PlaceHolder","Edit short bio","写下签名"
"User","Profile","Songs_Label","%d songs","%d 首歌"
"User","Profile","SSO_Add_Label","Connect","绑定"
"User","Profile","SSO_Bind_Label","Connected","已绑定"
"User","Profile","SuperFan","super","super"
"User","Profile","SuperFanFull","SUPER\nFAN","SUPER\nFAN"
"User","Profile","SuperFanUpgrade","Upgrade","升级"
"User","Profile","Title","Edit Profile","个人资料"
"User","Profile","Twitter_Label","Twitter","Twitter"
"User","Set","Clear_Cache","Are you sure you want to clear cache?","清理缓存将会清空伴奏文件，确定清理缓存？"
"User","Set","Doing","Cleaning in the background…","正在后台清理中…"
"User","Set","Done","Cache is empty","缓存已清空"
"User","Set","HardDecode","Hardware acceleration","硬件加速"
"User","Set","Init_Cache","Calculating cache size","正在计算缓存大小"
"User","Songs","Delete_Msg","This work has joined a contest, Are you sure you want to delete? Meanwhile this work will be deleted from the contest","歌曲正在参加比赛，确定删除？"
"User","Songs","Desc","Songs","首歌"
"User","Songs","Label","SONGS","歌曲"
"User","Songs","Title","Songs","歌曲"
"User","Unblock","Success_Msg","Unblock","移除黑名单成功"
"User","Unfollow","Button","Unfollow","取消关注"
"User","UnFollow","Success_Label","Unfollow successful","取消关注成功"
"User","Upload","Photo_Tip","Uploading your profile picture…","正在上传头像……"
"UserCenter","Upload","delete_confirm_msg","Are you sure you want to delete %1$s","确认删除%1$s"
"UserWork","Comment","Empty_Desc","Be the first one to leave your comment:)","第一个留下你的评论吧～"
"UserWork","Contribution","Rank","Contribution Rank","贡献榜"
"VocalControl","HumanVolume","Title","Voice","人声"
"VocalControl","MusicVolume","Title","Music","伴奏"
"VocalControl","Tone","Title","Tone","声调"
"Web","LoadFail","Label","Loading failed, please try again","加载失败，请点击重试"
"Web","TopAlert","Label","You are visiting unofficial pages,  pay attention to the security of your account","您正在访问非Spotlite网页，请注意账号和密码安全"
"WithDraw","Records","Empty_Desc","You haven\'t made any withdrawal requests. Please win more diamonds","你还没有发起过提现，多多赢取钻石吧。"
"Yes","Button","","Yes","是"